JobId,ArrayId,Program,Nodes,Tasks,MaxThreads,Particles,DiffCoeff,TimeStep,EndTime,WallTime
7434,1,serial,1,1,1,12800,1.5,0.001,10.0,36.045
7440,1,omp,1,1,1,12800,1.5,0.001,10.0,34.164
7446,1,omp,1,1,2,12800,1.5,0.001,10.0,17.775
7440,2,omp,1,1,1,128000,1.5,0.001,10.0,192.786
7434,2,serial,1,1,1,128000,1.5,0.001,10.0,194.775
7446,2,omp,1,1,2,128000,1.5,0.001,10.0,139.902
7434,4,serial,1,1,1,12800,1.5,0.001,100.0,235.624
7440,4,omp,1,1,1,12800,1.5,0.001,100.0,236.594
7447,1,omp,1,1,4,12800,1.5,0.001,10.0,12.143
7447,2,omp,1,1,4,128000,1.5,0.001,10.0,69.554
7446,4,omp,1,1,2,12800,1.5,0.001,100.0,183.592
7447,4,omp,1,1,4,12800,1.5,0.001,100.0,121.604
7447,3,omp,1,1,4,1280000,1.5,0.001,10.0,628.086
7447,5,omp,1,1,4,128000,1.5,0.001,100.0,678.558
7448,1,omp,1,1,8,12800,1.5,0.001,10.0,9.421
7448,2,omp,1,1,8,128000,1.5,0.001,10.0,40.055
7446,3,omp,1,1,2,1280000,1.5,0.001,10.0,1211.270
7446,5,omp,1,1,2,128000,1.5,0.001,100.0,1261.581
7448,4,omp,1,1,8,12800,1.5,0.001,100.0,93.551
7448,3,omp,1,1,8,1280000,1.5,0.001,10.0,345.771
7449,1,omp,1,1,16,12800,1.5,0.001,10.0,7.873
7449,2,omp,1,1,16,128000,1.5,0.001,10.0,25.197
7434,3,serial,1,1,1,1280000,1.5,0.001,10.0,1684.542
7440,3,omp,1,1,1,1280000,1.5,0.001,10.0,1684.949
7434,5,serial,1,1,1,128000,1.5,0.001,100.0,1726.604
7440,5,omp,1,1,1,128000,1.5,0.001,100.0,1725.651
7450,1,omp,1,1,32,12800,1.5,0.001,10.0,11.452
7450,2,omp,1,1,32,128000,1.5,0.001,10.0,19.308
7449,4,omp,1,1,16,12800,1.5,0.001,100.0,78.616
7449,3,omp,1,1,16,1280000,1.5,0.001,10.0,199.978
7450,4,omp,1,1,32,12800,1.5,0.001,100.0,69.594
7448,5,omp,1,1,8,128000,1.5,0.001,100.0,400.552
7450,3,omp,1,1,32,1280000,1.5,0.001,10.0,101.222
7451,1,mpi,1,1,1,12800,1.5,0.001,10.0,28.253
7449,5,omp,1,1,16,128000,1.5,0.001,100.0,246.637
7450,5,omp,1,1,32,128000,1.5,0.001,100.0,153.556
7451,2,mpi,1,1,1,128000,1.5,0.001,10.0,172.991
7451,4,mpi,1,1,1,12800,1.5,0.001,100.0,224.788
7452,1,mpi,1,2,1,12800,1.5,0.001,10.0,19.463
7452,2,mpi,1,2,1,128000,1.5,0.001,10.0,128.133
7450,6,omp,1,1,32,1280000,1.5,0.001,100.0,1003.609
7452,4,mpi,1,2,1,12800,1.5,0.001,100.0,180.995
7452,3,mpi,1,2,1,1280000,1.5,0.001,10.0,1217.800
7451,3,mpi,1,1,1,1280000,1.5,0.001,10.0,1664.684
7453,1,mpi,1,4,1,12800,1.5,0.001,10.0,13.488
7449,6,omp,1,1,16,1280000,1.5,0.001,100.0,1919.540
7453,2,mpi,1,4,1,128000,1.5,0.001,10.0,77.728
7451,5,mpi,1,1,1,128000,1.5,0.001,100.0,1716.584
7453,4,mpi,1,4,1,12800,1.5,0.001,100.0,129.916
7452,5,mpi,1,2,1,128000,1.5,0.001,100.0,1270.606
7453,3,mpi,1,4,1,1280000,1.5,0.001,10.0,648.670
7454,1,mpi,1,8,1,12800,1.5,0.001,10.0,11.444
7454,2,mpi,1,8,1,128000,1.5,0.001,10.0,43.197
7453,5,mpi,1,4,1,128000,1.5,0.001,100.0,721.595
7454,4,mpi,1,8,1,12800,1.5,0.001,100.0,96.573
7454,3,mpi,1,8,1,1280000,1.5,0.001,10.0,358.357
7455,1,mpi,1,16,1,12800,1.5,0.001,10.0,9.538
7455,2,mpi,1,16,1,128000,1.5,0.001,10.0,26.091
7454,5,mpi,1,8,1,128000,1.5,0.001,100.0,410.581
7455,4,mpi,1,16,1,12800,1.5,0.001,100.0,82.553
7455,3,mpi,1,16,1,1280000,1.5,0.001,10.0,212.650
7448,6,omp,1,1,8,1280000,1.5,0.001,100.0,3461.556
7456,1,mpi,1,32,1,12800,1.5,0.001,10.0,8.392
7456,2,mpi,1,32,1,128000,1.5,0.001,10.0,18.488
7456,3,mpi,1,32,1,1280000,1.5,0.001,10.0,114.105
7455,5,mpi,1,16,1,128000,1.5,0.001,100.0,250.562
7456,4,mpi,1,32,1,12800,1.5,0.001,100.0,72.632
7456,5,mpi,1,32,1,128000,1.5,0.001,100.0,161.580
7456,6,mpi,1,32,1,1280000,1.5,0.001,100.0,1007.568
7457,1,mpi,2,2,1,12800,1.5,0.001,10.0,15.531
7457,2,mpi,2,2,1,128000,1.5,0.001,10.0,92.784
7455,6,mpi,1,16,1,1280000,1.5,0.001,100.0,1964.639
7457,3,mpi,2,2,1,1280000,1.5,0.001,10.0,835.759
7457,4,mpi,2,2,1,12800,1.5,0.001,100.0,143.589
7447,6,omp,1,1,4,1280000,1.5,0.001,100.0,6385.595
7454,6,mpi,1,8,1,1280000,1.5,0.001,100.0,3588.632
7457,5,mpi,2,2,1,128000,1.5,0.001,100.0,900.895
7458,1,mpi,2,4,1,12800,1.5,0.001,10.0,13.614
7458,2,mpi,2,4,1,128000,1.5,0.001,10.0,68.738
7458,3,mpi,2,4,1,1280000,1.5,0.001,10.0,613.745
7458,4,mpi,2,4,1,12800,1.5,0.001,100.0,121.582
7458,5,mpi,2,4,1,128000,1.5,0.001,100.0,670.580
7453,6,mpi,1,4,1,1280000,1.5,0.001,100.0,6378.026
7459,1,mpi,2,8,1,12800,1.5,0.001,10.0,10.519
7459,2,mpi,2,8,1,128000,1.5,0.001,10.0,38.662
7459,3,mpi,2,8,1,1280000,1.5,0.001,10.0,326.563
7459,4,mpi,2,8,1,12800,1.5,0.001,100.0,91.958
7459,5,mpi,2,8,1,128000,1.5,0.001,100.0,372.799
7446,6,omp,1,1,2,1280000,1.5,0.001,100.0,12073.295
7459,6,mpi,2,8,1,1280000,1.5,0.001,100.0,3373.093
7460,1,mpi,2,16,1,12800,1.5,0.001,10.0,9.798
7460,2,mpi,2,16,1,128000,1.5,0.001,10.0,25.053
7460,3,mpi,2,16,1,1280000,1.5,0.001,10.0,183.091
7460,4,mpi,2,16,1,12800,1.5,0.001,100.0,80.613
7460,5,mpi,2,16,1,128000,1.5,0.001,100.0,262.823
7452,6,mpi,1,2,1,1280000,1.5,0.001,100.0,12261.605
7457,6,mpi,2,2,1,1280000,1.5,0.001,100.0,8456.581
7461,1,mpi,2,32,1,12800,1.5,0.001,10.0,8.501
7461,2,mpi,2,32,1,128000,1.5,0.001,10.0,17.620
7458,6,mpi,2,4,1,1280000,1.5,0.001,100.0,6202.610
7461,4,mpi,2,32,1,12800,1.5,0.001,100.0,70.568
7461,3,mpi,2,32,1,1280000,1.5,0.001,10.0,103.847
7462,1,mpi,2,64,1,12800,1.5,0.001,10.0,8.989
7462,2,mpi,2,64,1,128000,1.5,0.001,10.0,12.977
7462,3,mpi,2,64,1,1280000,1.5,0.001,10.0,68.101
7461,5,mpi,2,32,1,128000,1.5,0.001,100.0,158.623
7462,4,mpi,2,64,1,12800,1.5,0.001,100.0,66.597
7462,5,mpi,2,64,1,128000,1.5,0.001,100.0,108.740
7463,1,mpi,4,4,1,12800,1.5,0.001,10.0,11.137
7463,2,mpi,4,4,1,128000,1.5,0.001,10.0,48.528
7462,6,mpi,2,64,1,1280000,1.5,0.001,100.0,578.853
7475,1,hybrid,1,1,1,12800,1.5,0.001,10.0,26.455
7460,6,mpi,2,16,1,1280000,1.5,0.001,100.0,1794.620
7463,3,mpi,4,4,1,1280000,1.5,0.001,10.0,426.062
7463,4,mpi,4,4,1,12800,1.5,0.001,100.0,104.940
7475,2,hybrid,1,1,1,128000,1.5,0.001,10.0,175.942
7461,6,mpi,2,32,1,1280000,1.5,0.001,100.0,1021.615
7463,5,mpi,4,4,1,128000,1.5,0.001,100.0,474.055
7464,1,mpi,4,8,1,12800,1.5,0.001,10.0,10.342
7464,2,mpi,4,8,1,128000,1.5,0.001,10.0,37.558
7464,3,mpi,4,8,1,1280000,1.5,0.001,10.0,318.942
7464,4,mpi,4,8,1,12800,1.5,0.001,100.0,90.012
7464,5,mpi,4,8,1,128000,1.5,0.001,100.0,363.444
7475,4,hybrid,1,1,1,12800,1.5,0.001,100.0,225.550
7475,3,hybrid,1,1,1,1280000,1.5,0.001,10.0,1654.586
7475,5,hybrid,1,1,1,128000,1.5,0.001,100.0,1706.107
7476,1,hybrid,1,1,2,12800,1.5,0.001,10.0,18.788
7476,2,hybrid,1,1,2,128000,1.5,0.001,10.0,127.071
7463,6,mpi,4,4,1,1280000,1.5,0.001,100.0,4371.558
7465,1,mpi,4,16,1,12800,1.5,0.001,10.0,13.500
7465,2,mpi,4,16,1,128000,1.5,0.001,10.0,27.373
7464,6,mpi,4,8,1,1280000,1.5,0.001,100.0,3140.608
7465,4,mpi,4,16,1,12800,1.5,0.001,100.0,75.958
7476,4,hybrid,1,1,2,12800,1.5,0.001,100.0,180.581
7465,3,mpi,4,16,1,1280000,1.5,0.001,10.0,197.663
7465,5,mpi,4,16,1,128000,1.5,0.001,100.0,232.276
7466,1,mpi,4,32,1,12800,1.5,0.001,10.0,8.797
7476,3,hybrid,1,1,2,1280000,1.5,0.001,10.0,1211.958
7466,2,mpi,4,32,1,128000,1.5,0.001,10.0,17.197
7466,3,mpi,4,32,1,1280000,1.5,0.001,10.0,95.938
7466,4,mpi,4,32,1,12800,1.5,0.001,100.0,68.798
7466,5,mpi,4,32,1,128000,1.5,0.001,100.0,147.979
7476,5,hybrid,1,1,2,128000,1.5,0.001,100.0,1272.501
7477,1,hybrid,1,1,4,12800,1.5,0.001,10.0,12.470
7477,2,hybrid,1,1,4,128000,1.5,0.001,10.0,71.603
7466,6,mpi,4,32,1,1280000,1.5,0.001,100.0,934.589
7467,1,mpi,4,64,1,12800,1.5,0.001,10.0,7.645
7467,2,mpi,4,64,1,128000,1.5,0.001,10.0,11.745
7467,3,mpi,4,64,1,1280000,1.5,0.001,10.0,60.778
7467,4,mpi,4,64,1,12800,1.5,0.001,100.0,66.614
7467,5,mpi,4,64,1,128000,1.5,0.001,100.0,110.575
7465,6,mpi,4,16,1,1280000,1.5,0.001,100.0,1795.522
7468,1,mpi,4,128,1,12800,1.5,0.001,10.0,8.270
7468,2,mpi,4,128,1,128000,1.5,0.001,10.0,10.250
7468,3,mpi,4,128,1,1280000,1.5,0.001,10.0,35.773
7468,4,mpi,4,128,1,12800,1.5,0.001,100.0,64.583
7468,5,mpi,4,128,1,128000,1.5,0.001,100.0,89.676
7477,3,hybrid,1,1,4,1280000,1.5,0.001,10.0,637.171
7477,4,hybrid,1,1,4,12800,1.5,0.001,100.0,123.412
7467,6,mpi,4,64,1,1280000,1.5,0.001,100.0,547.585
7468,6,mpi,4,128,1,1280000,1.5,0.001,100.0,330.589
7469,1,mpi,8,8,1,12800,1.5,0.001,10.0,9.506
7469,2,mpi,8,8,1,128000,1.5,0.001,10.0,27.648
7469,3,mpi,8,8,1,1280000,1.5,0.001,10.0,217.636
7469,4,mpi,8,8,1,12800,1.5,0.001,100.0,79.542
7477,5,hybrid,1,1,4,128000,1.5,0.001,100.0,687.077
7469,5,mpi,8,8,1,128000,1.5,0.001,100.0,296.181
7469,6,mpi,8,8,1,1280000,1.5,0.001,100.0,2154.392
7470,1,mpi,8,16,1,12800,1.5,0.001,10.0,9.329
7470,2,mpi,8,16,1,128000,1.5,0.001,10.0,23.212
7470,3,mpi,8,16,1,1280000,1.5,0.001,10.0,181.761
7470,4,mpi,8,16,1,12800,1.5,0.001,100.0,74.623
7470,5,mpi,8,16,1,128000,1.5,0.001,100.0,220.344
7470,6,mpi,8,16,1,1280000,1.5,0.001,100.0,1805.957
7471,1,mpi,8,32,1,12800,1.5,0.001,10.0,8.475
7471,2,mpi,8,32,1,128000,1.5,0.001,10.0,14.690
7471,3,mpi,8,32,1,1280000,1.5,0.001,10.0,121.462
7471,4,mpi,8,32,1,12800,1.5,0.001,100.0,67.917
7471,5,mpi,8,32,1,128000,1.5,0.001,100.0,146.098
7471,6,mpi,8,32,1,1280000,1.5,0.001,100.0,1009.363
7472,1,mpi,8,64,1,12800,1.5,0.001,10.0,7.621
7472,2,mpi,8,64,1,128000,1.5,0.001,10.0,12.896
7472,3,mpi,8,64,1,1280000,1.5,0.001,10.0,51.872
7472,4,mpi,8,64,1,12800,1.5,0.001,100.0,65.870
7472,5,mpi,8,64,1,128000,1.5,0.001,100.0,105.637
7477,6,hybrid,1,1,4,1280000,1.5,0.001,100.0,6299.442
7478,1,hybrid,1,1,8,12800,1.5,0.001,10.0,10.812
7478,2,hybrid,1,1,8,128000,1.5,0.001,10.0,41.692
7478,3,hybrid,1,1,8,1280000,1.5,0.001,10.0,351.667
7472,6,mpi,8,64,1,1280000,1.5,0.001,100.0,583.585
7473,1,mpi,8,128,1,12800,1.5,0.001,10.0,8.237
7473,2,mpi,8,128,1,128000,1.5,0.001,10.0,13.416
7473,3,mpi,8,128,1,1280000,1.5,0.001,10.0,39.225
7478,4,hybrid,1,1,8,12800,1.5,0.001,100.0,95.004
7473,4,mpi,8,128,1,12800,1.5,0.001,100.0,63.909
7473,5,mpi,8,128,1,128000,1.5,0.001,100.0,91.578
7478,5,hybrid,1,1,8,128000,1.5,0.001,100.0,410.000
7473,6,mpi,8,128,1,1280000,1.5,0.001,100.0,338.580
7474,1,mpi,8,256,1,12800,1.5,0.001,10.0,7.616
7474,2,mpi,8,256,1,128000,1.5,0.001,10.0,10.675
7474,3,mpi,8,256,1,1280000,1.5,0.001,10.0,22.855
7474,4,mpi,8,256,1,12800,1.5,0.001,100.0,62.214
7474,5,mpi,8,256,1,128000,1.5,0.001,100.0,75.651
7474,6,mpi,8,256,1,1280000,1.5,0.001,100.0,190.426
7480,1,hybrid,1,1,32,12800,1.5,0.001,10.0,12.826
7479,1,hybrid,1,1,16,12800,1.5,0.001,10.0,13.676
7480,2,hybrid,1,1,32,128000,1.5,0.001,10.0,18.721
7479,2,hybrid,1,1,16,128000,1.5,0.001,10.0,29.107
7479,4,hybrid,1,1,16,12800,1.5,0.001,100.0,79.581
7480,4,hybrid,1,1,32,12800,1.5,0.001,100.0,70.668
7481,1,hybrid,1,2,1,12800,1.5,0.001,10.0,19.361
7480,3,hybrid,1,1,32,1280000,1.5,0.001,10.0,100.438
7480,5,hybrid,1,1,32,128000,1.5,0.001,100.0,154.590
7479,3,hybrid,1,1,16,1280000,1.5,0.001,10.0,196.190
7481,2,hybrid,1,2,1,128000,1.5,0.001,10.0,135.370
7482,1,hybrid,1,2,2,12800,1.5,0.001,10.0,18.032
7479,5,hybrid,1,1,16,128000,1.5,0.001,100.0,247.684
7481,4,hybrid,1,2,1,12800,1.5,0.001,100.0,184.589
7482,2,hybrid,1,2,2,128000,1.5,0.001,10.0,67.874
7482,4,hybrid,1,2,2,12800,1.5,0.001,100.0,121.557
7482,3,hybrid,1,2,2,1280000,1.5,0.001,10.0,628.453
7483,1,hybrid,1,2,4,12800,1.5,0.001,10.0,10.413
7483,2,hybrid,1,2,4,128000,1.5,0.001,10.0,41.319
7482,5,hybrid,1,2,2,128000,1.5,0.001,100.0,685.611
7480,6,hybrid,1,1,32,1280000,1.5,0.001,100.0,994.591
7483,4,hybrid,1,2,4,12800,1.5,0.001,100.0,95.596
7483,3,hybrid,1,2,4,1280000,1.5,0.001,10.0,351.200
7484,1,hybrid,1,2,8,12800,1.5,0.001,10.0,9.703
7484,2,hybrid,1,2,8,128000,1.5,0.001,10.0,26.723
7481,3,hybrid,1,2,1,1280000,1.5,0.001,10.0,1223.982
7484,4,hybrid,1,2,8,12800,1.5,0.001,100.0,79.590
7483,5,hybrid,1,2,4,128000,1.5,0.001,100.0,409.590
7481,5,hybrid,1,2,1,128000,1.5,0.001,100.0,1316.626
7485,1,hybrid,1,2,16,12800,1.5,0.001,10.0,8.609
7484,3,hybrid,1,2,8,1280000,1.5,0.001,10.0,192.889
7485,2,hybrid,1,2,16,128000,1.5,0.001,10.0,16.458
7485,4,hybrid,1,2,16,12800,1.5,0.001,100.0,70.031
7485,3,hybrid,1,2,16,1280000,1.5,0.001,10.0,101.863
7484,5,hybrid,1,2,8,128000,1.5,0.001,100.0,247.839
7486,1,hybrid,1,4,1,12800,1.5,0.001,10.0,13.164
7486,2,hybrid,1,4,1,128000,1.5,0.001,10.0,72.724
7485,5,hybrid,1,2,16,128000,1.5,0.001,100.0,154.596
7486,4,hybrid,1,4,1,12800,1.5,0.001,100.0,124.610
7479,6,hybrid,1,1,16,1280000,1.5,0.001,100.0,1926.615
7476,6,hybrid,1,1,2,1280000,1.5,0.001,100.0,12409.436
7487,1,hybrid,1,4,2,12800,1.5,0.001,10.0,10.233
7487,2,hybrid,1,4,2,128000,1.5,0.001,10.0,41.268
7487,3,hybrid,1,4,2,1280000,1.5,0.001,10.0,348.729
7486,3,hybrid,1,4,1,1280000,1.5,0.001,10.0,643.701
7487,4,hybrid,1,4,2,12800,1.5,0.001,100.0,96.228
7486,5,hybrid,1,4,1,128000,1.5,0.001,100.0,683.706
7488,1,hybrid,1,4,4,12800,1.5,0.001,10.0,12.528
7488,2,hybrid,1,4,4,128000,1.5,0.001,10.0,30.069
7485,6,hybrid,1,2,16,1280000,1.5,0.001,100.0,994.623
7488,4,hybrid,1,4,4,12800,1.5,0.001,100.0,79.592
7488,3,hybrid,1,4,4,1280000,1.5,0.001,10.0,197.768
7489,1,hybrid,1,4,8,12800,1.5,0.001,10.0,12.948
7487,5,hybrid,1,4,2,128000,1.5,0.001,100.0,432.622
7489,2,hybrid,1,4,8,128000,1.5,0.001,10.0,17.063
7489,4,hybrid,1,4,8,12800,1.5,0.001,100.0,70.584
7489,3,hybrid,1,4,8,1280000,1.5,0.001,10.0,104.969
7488,5,hybrid,1,4,4,128000,1.5,0.001,100.0,250.582
7490,1,hybrid,1,8,1,12800,1.5,0.001,10.0,10.568
7490,2,hybrid,1,8,1,128000,1.5,0.001,10.0,48.976
7478,6,hybrid,1,1,8,1280000,1.5,0.001,100.0,3476.006
7489,5,hybrid,1,4,8,128000,1.5,0.001,100.0,155.576
7490,4,hybrid,1,8,1,12800,1.5,0.001,100.0,96.559
7490,3,hybrid,1,8,1,1280000,1.5,0.001,10.0,361.654
7491,1,hybrid,1,8,2,12800,1.5,0.001,10.0,13.734
7484,6,hybrid,1,2,8,1280000,1.5,0.001,100.0,1964.847
7491,2,hybrid,1,8,2,128000,1.5,0.001,10.0,28.985
7490,5,hybrid,1,8,1,128000,1.5,0.001,100.0,406.583
7491,4,hybrid,1,8,2,12800,1.5,0.001,100.0,79.588
7491,3,hybrid,1,8,2,1280000,1.5,0.001,10.0,199.375
7492,1,hybrid,1,8,4,12800,1.5,0.001,10.0,9.282
7492,2,hybrid,1,8,4,128000,1.5,0.001,10.0,17.005
7491,5,hybrid,1,8,2,128000,1.5,0.001,100.0,248.184
7492,3,hybrid,1,8,4,1280000,1.5,0.001,10.0,101.596
7492,4,hybrid,1,8,4,12800,1.5,0.001,100.0,70.595
7492,5,hybrid,1,8,4,128000,1.5,0.001,100.0,157.579
7493,1,hybrid,1,16,1,12800,1.5,0.001,10.0,13.847
7489,6,hybrid,1,4,8,1280000,1.5,0.001,100.0,993.559
7493,2,hybrid,1,16,1,128000,1.5,0.001,10.0,26.946
7493,4,hybrid,1,16,1,12800,1.5,0.001,100.0,80.015
7493,3,hybrid,1,16,1,1280000,1.5,0.001,10.0,225.051
7493,5,hybrid,1,16,1,128000,1.5,0.001,100.0,255.999
7494,1,hybrid,1,16,2,12800,1.5,0.001,10.0,8.595
7494,2,hybrid,1,16,2,128000,1.5,0.001,10.0,16.849
7494,3,hybrid,1,16,2,1280000,1.5,0.001,10.0,102.107
7494,4,hybrid,1,16,2,12800,1.5,0.001,100.0,70.587
7483,6,hybrid,1,2,4,1280000,1.5,0.001,100.0,3478.554
7494,5,hybrid,1,16,2,128000,1.5,0.001,100.0,154.597
7495,1,hybrid,1,32,1,12800,1.5,0.001,10.0,11.838
7495,2,hybrid,1,32,1,128000,1.5,0.001,10.0,21.735
7488,6,hybrid,1,4,4,1280000,1.5,0.001,100.0,1929.779
7495,4,hybrid,1,32,1,12800,1.5,0.001,100.0,71.559
7492,6,hybrid,1,8,4,1280000,1.5,0.001,100.0,997.693
7495,3,hybrid,1,32,1,1280000,1.5,0.001,10.0,121.189
7495,5,hybrid,1,32,1,128000,1.5,0.001,100.0,157.581
7496,1,hybrid,2,2,1,12800,1.5,0.001,10.0,15.802
7496,2,hybrid,2,2,1,128000,1.5,0.001,10.0,90.292
7491,6,hybrid,1,8,2,1280000,1.5,0.001,100.0,1953.484
7494,6,hybrid,1,16,2,1280000,1.5,0.001,100.0,1066.572
7496,4,hybrid,2,2,1,12800,1.5,0.001,100.0,143.232
7496,3,hybrid,2,2,1,1280000,1.5,0.001,10.0,836.224
7495,6,hybrid,1,32,1,1280000,1.5,0.001,100.0,1132.594
7487,6,hybrid,1,4,2,1280000,1.5,0.001,100.0,3472.566
7497,1,hybrid,2,2,2,12800,1.5,0.001,10.0,13.675
7497,2,hybrid,2,2,2,128000,1.5,0.001,10.0,66.863
7493,6,hybrid,1,16,1,1280000,1.5,0.001,100.0,2195.580
7490,6,hybrid,1,8,1,1280000,1.5,0.001,100.0,3489.571
7497,3,hybrid,2,2,2,1280000,1.5,0.001,10.0,619.953
7496,5,hybrid,2,2,1,128000,1.5,0.001,100.0,884.638
7497,4,hybrid,2,2,2,12800,1.5,0.001,100.0,119.333
7498,1,hybrid,2,2,4,12800,1.5,0.001,10.0,10.019
7498,2,hybrid,2,2,4,128000,1.5,0.001,10.0,38.583
7498,3,hybrid,2,2,4,1280000,1.5,0.001,10.0,320.397
7498,4,hybrid,2,2,4,12800,1.5,0.001,100.0,92.585
7497,5,hybrid,2,2,2,128000,1.5,0.001,100.0,665.904
7482,6,hybrid,1,2,2,1280000,1.5,0.001,100.0,7033.280
7498,5,hybrid,2,2,4,128000,1.5,0.001,100.0,371.874
7499,1,hybrid,2,2,8,12800,1.5,0.001,10.0,8.765
7499,2,hybrid,2,2,8,128000,1.5,0.001,10.0,24.070
7499,3,hybrid,2,2,8,1280000,1.5,0.001,10.0,181.074
7499,4,hybrid,2,2,8,12800,1.5,0.001,100.0,78.593
7499,5,hybrid,2,2,8,128000,1.5,0.001,100.0,231.034
7486,6,hybrid,1,4,1,1280000,1.5,0.001,100.0,6348.647
7500,1,hybrid,2,2,16,12800,1.5,0.001,10.0,8.107
7500,2,hybrid,2,2,16,128000,1.5,0.001,10.0,16.594
7500,3,hybrid,2,2,16,1280000,1.5,0.001,10.0,101.346
7500,4,hybrid,2,2,16,12800,1.5,0.001,100.0,70.445
7500,5,hybrid,2,2,16,128000,1.5,0.001,100.0,153.296
7500,6,hybrid,2,2,16,1280000,1.5,0.001,100.0,994.349
7501,1,hybrid,2,2,32,12800,1.5,0.001,10.0,7.348
7501,2,hybrid,2,2,32,128000,1.5,0.001,10.0,12.094
7501,3,hybrid,2,2,32,1280000,1.5,0.001,10.0,54.051
7501,4,hybrid,2,2,32,12800,1.5,0.001,100.0,64.412
7501,5,hybrid,2,2,32,128000,1.5,0.001,100.0,108.578
7499,6,hybrid,2,2,8,1280000,1.5,0.001,100.0,1765.592
7502,1,hybrid,2,4,1,12800,1.5,0.001,10.0,13.053
7502,2,hybrid,2,4,1,128000,1.5,0.001,10.0,68.116
7501,6,hybrid,2,2,32,1280000,1.5,0.001,100.0,529.532
7498,6,hybrid,2,2,4,1280000,1.5,0.001,100.0,3171.583
7502,4,hybrid,2,4,1,12800,1.5,0.001,100.0,122.570
7502,3,hybrid,2,4,1,1280000,1.5,0.001,10.0,640.082
7503,1,hybrid,2,4,2,12800,1.5,0.001,10.0,10.795
7503,2,hybrid,2,4,2,128000,1.5,0.001,10.0,38.288
7503,3,hybrid,2,4,2,1280000,1.5,0.001,10.0,321.829
7503,4,hybrid,2,4,2,12800,1.5,0.001,100.0,92.594
7502,5,hybrid,2,4,1,128000,1.5,0.001,100.0,665.598
7503,5,hybrid,2,4,2,128000,1.5,0.001,100.0,378.576
7504,1,hybrid,2,4,4,12800,1.5,0.001,10.0,8.992
7504,2,hybrid,2,4,4,128000,1.5,0.001,10.0,24.014
7504,3,hybrid,2,4,4,1280000,1.5,0.001,10.0,177.950
7504,4,hybrid,2,4,4,12800,1.5,0.001,100.0,78.588
7504,5,hybrid,2,4,4,128000,1.5,0.001,100.0,231.603
7481,6,hybrid,1,2,1,1280000,1.5,0.001,100.0,12120.526
7497,6,hybrid,2,2,2,1280000,1.5,0.001,100.0,6251.690
7505,1,hybrid,2,4,8,12800,1.5,0.001,10.0,8.082
7505,2,hybrid,2,4,8,128000,1.5,0.001,10.0,16.396
7505,3,hybrid,2,4,8,1280000,1.5,0.001,10.0,102.109
7505,4,hybrid,2,4,8,12800,1.5,0.001,100.0,69.293
7505,5,hybrid,2,4,8,128000,1.5,0.001,100.0,155.597
7504,6,hybrid,2,4,4,1280000,1.5,0.001,100.0,1773.895
7506,1,hybrid,2,4,16,12800,1.5,0.001,10.0,8.214
7506,2,hybrid,2,4,16,128000,1.5,0.001,10.0,12.035
7506,3,hybrid,2,4,16,1280000,1.5,0.001,10.0,54.332
7506,4,hybrid,2,4,16,12800,1.5,0.001,100.0,65.631
7506,5,hybrid,2,4,16,128000,1.5,0.001,100.0,107.606
7496,6,hybrid,2,2,1,1280000,1.5,0.001,100.0,8298.616
7507,1,hybrid,2,8,1,12800,1.5,0.001,10.0,10.854
7507,2,hybrid,2,8,1,128000,1.5,0.001,10.0,38.480
7505,6,hybrid,2,4,8,1280000,1.5,0.001,100.0,995.661
7503,6,hybrid,2,4,2,1280000,1.5,0.001,100.0,3185.607
7507,4,hybrid,2,8,1,12800,1.5,0.001,100.0,92.629
7507,3,hybrid,2,8,1,1280000,1.5,0.001,10.0,325.824
7508,1,hybrid,2,8,2,12800,1.5,0.001,10.0,12.920
7506,6,hybrid,2,4,16,1280000,1.5,0.001,100.0,528.552
7508,2,hybrid,2,8,2,128000,1.5,0.001,10.0,24.331
7508,4,hybrid,2,8,2,12800,1.5,0.001,100.0,77.573
7507,5,hybrid,2,8,1,128000,1.5,0.001,100.0,389.298
7508,3,hybrid,2,8,2,1280000,1.5,0.001,10.0,179.415
7509,1,hybrid,2,8,4,12800,1.5,0.001,10.0,8.477
7509,2,hybrid,2,8,4,128000,1.5,0.001,10.0,16.417
7509,3,hybrid,2,8,4,1280000,1.5,0.001,10.0,106.083
7508,5,hybrid,2,8,2,128000,1.5,0.001,100.0,237.582
7509,4,hybrid,2,8,4,12800,1.5,0.001,100.0,70.564
7509,5,hybrid,2,8,4,128000,1.5,0.001,100.0,154.574
7510,1,hybrid,2,8,8,12800,1.5,0.001,10.0,9.200
7510,2,hybrid,2,8,8,128000,1.5,0.001,10.0,12.099
7510,3,hybrid,2,8,8,1280000,1.5,0.001,10.0,54.632
7510,4,hybrid,2,8,8,12800,1.5,0.001,100.0,65.189
7510,5,hybrid,2,8,8,128000,1.5,0.001,100.0,109.594
7510,6,hybrid,2,8,8,1280000,1.5,0.001,100.0,540.765
7511,1,hybrid,2,16,1,12800,1.5,0.001,10.0,9.360
7511,2,hybrid,2,16,1,128000,1.5,0.001,10.0,27.313
7509,6,hybrid,2,8,4,1280000,1.5,0.001,100.0,997.423
7511,4,hybrid,2,16,1,12800,1.5,0.001,100.0,77.045
7511,3,hybrid,2,16,1,1280000,1.5,0.001,10.0,185.571
7511,5,hybrid,2,16,1,128000,1.5,0.001,100.0,244.885
7512,1,hybrid,2,16,2,12800,1.5,0.001,10.0,8.547
7512,2,hybrid,2,16,2,128000,1.5,0.001,10.0,16.748
7512,3,hybrid,2,16,2,1280000,1.5,0.001,10.0,102.814
7512,4,hybrid,2,16,2,12800,1.5,0.001,100.0,69.808
7508,6,hybrid,2,8,2,1280000,1.5,0.001,100.0,1830.034
7512,5,hybrid,2,16,2,128000,1.5,0.001,100.0,156.625
7513,1,hybrid,2,16,4,12800,1.5,0.001,10.0,12.227
7513,2,hybrid,2,16,4,128000,1.5,0.001,10.0,16.456
7502,6,hybrid,2,4,1,1280000,1.5,0.001,100.0,6135.595
7513,3,hybrid,2,16,4,1280000,1.5,0.001,10.0,58.141
7513,4,hybrid,2,16,4,12800,1.5,0.001,100.0,65.589
7513,5,hybrid,2,16,4,128000,1.5,0.001,100.0,107.915
7515,1,hybrid,2,32,1,12800,1.5,0.001,10.0,8.209
7515,2,hybrid,2,32,1,128000,1.5,0.001,10.0,17.098
7515,3,hybrid,2,32,1,1280000,1.5,0.001,10.0,104.777
7515,4,hybrid,2,32,1,12800,1.5,0.001,100.0,71.484
7515,5,hybrid,2,32,1,128000,1.5,0.001,100.0,151.611
7513,6,hybrid,2,16,4,1280000,1.5,0.001,100.0,536.597
7516,1,hybrid,2,32,2,12800,1.5,0.001,10.0,8.847
7516,2,hybrid,2,32,2,128000,1.5,0.001,10.0,12.075
7516,3,hybrid,2,32,2,1280000,1.5,0.001,10.0,58.201
7516,4,hybrid,2,32,2,12800,1.5,0.001,100.0,65.460
7516,5,hybrid,2,32,2,128000,1.5,0.001,100.0,109.628
7507,6,hybrid,2,8,1,1280000,1.5,0.001,100.0,3184.595
7512,6,hybrid,2,16,2,1280000,1.5,0.001,100.0,1004.614
7517,1,hybrid,2,64,1,12800,1.5,0.001,10.0,9.156
7517,2,hybrid,2,64,1,128000,1.5,0.001,10.0,13.613
7517,3,hybrid,2,64,1,1280000,1.5,0.001,10.0,64.377
7517,4,hybrid,2,64,1,12800,1.5,0.001,100.0,67.601
7517,5,hybrid,2,64,1,128000,1.5,0.001,100.0,109.513
7511,6,hybrid,2,16,1,1280000,1.5,0.001,100.0,2035.615
7516,6,hybrid,2,32,2,1280000,1.5,0.001,100.0,571.570
7518,1,hybrid,4,4,1,12800,1.5,0.001,10.0,11.490
7518,2,hybrid,4,4,1,128000,1.5,0.001,10.0,54.770
7517,6,hybrid,2,64,1,1280000,1.5,0.001,100.0,541.593
7515,6,hybrid,2,32,1,1280000,1.5,0.001,100.0,1040.643
7518,4,hybrid,4,4,1,12800,1.5,0.001,100.0,102.218
7518,3,hybrid,4,4,1,1280000,1.5,0.001,10.0,419.021
7518,5,hybrid,4,4,1,128000,1.5,0.001,100.0,483.351
7519,1,hybrid,4,4,2,12800,1.5,0.001,10.0,9.918
7519,2,hybrid,4,4,2,128000,1.5,0.001,10.0,37.209
7519,3,hybrid,4,4,2,1280000,1.5,0.001,10.0,314.899
7519,4,hybrid,4,4,2,12800,1.5,0.001,100.0,88.782
7519,5,hybrid,4,4,2,128000,1.5,0.001,100.0,362.715
7519,6,hybrid,4,4,2,1280000,1.5,0.001,100.0,3076.079
7520,1,hybrid,4,4,4,12800,1.5,0.001,10.0,9.146
7520,2,hybrid,4,4,4,128000,1.5,0.001,10.0,22.863
7518,6,hybrid,4,4,1,1280000,1.5,0.001,100.0,4184.061
7520,4,hybrid,4,4,4,12800,1.5,0.001,100.0,76.590
7520,3,hybrid,4,4,4,1280000,1.5,0.001,10.0,167.592
7520,5,hybrid,4,4,4,128000,1.5,0.001,100.0,215.412
7521,1,hybrid,4,4,8,12800,1.5,0.001,10.0,8.200
7521,2,hybrid,4,4,8,128000,1.5,0.001,10.0,15.361
7521,3,hybrid,4,4,8,1280000,1.5,0.001,10.0,92.872
7521,4,hybrid,4,4,8,12800,1.5,0.001,100.0,68.157
7521,5,hybrid,4,4,8,128000,1.5,0.001,100.0,146.034
7521,6,hybrid,4,4,8,1280000,1.5,0.001,100.0,914.837
7522,1,hybrid,4,4,16,12800,1.5,0.001,10.0,8.318
7522,2,hybrid,4,4,16,128000,1.5,0.001,10.0,11.869
7522,3,hybrid,4,4,16,1280000,1.5,0.001,10.0,54.267
7522,4,hybrid,4,4,16,12800,1.5,0.001,100.0,65.580
7520,6,hybrid,4,4,4,1280000,1.5,0.001,100.0,1623.595
7522,5,hybrid,4,4,16,128000,1.5,0.001,100.0,107.956
7523,1,hybrid,4,4,32,12800,1.5,0.001,10.0,8.215
7523,2,hybrid,4,4,32,128000,1.5,0.001,10.0,9.791
7523,3,hybrid,4,4,32,1280000,1.5,0.001,10.0,30.917
7523,4,hybrid,4,4,32,12800,1.5,0.001,100.0,63.569
7523,5,hybrid,4,4,32,128000,1.5,0.001,100.0,83.969
7522,6,hybrid,4,4,16,1280000,1.5,0.001,100.0,536.575
7524,1,hybrid,4,8,1,12800,1.5,0.001,10.0,13.720
7523,6,hybrid,4,4,32,1280000,1.5,0.001,100.0,300.592
7524,2,hybrid,4,8,1,128000,1.5,0.001,10.0,38.065
7524,4,hybrid,4,8,1,12800,1.5,0.001,100.0,94.368
7524,3,hybrid,4,8,1,1280000,1.5,0.001,10.0,310.932
7524,5,hybrid,4,8,1,128000,1.5,0.001,100.0,372.035
7525,1,hybrid,4,8,2,12800,1.5,0.001,10.0,9.137
7525,2,hybrid,4,8,2,128000,1.5,0.001,10.0,24.471
7525,3,hybrid,4,8,2,1280000,1.5,0.001,10.0,176.760
7525,4,hybrid,4,8,2,12800,1.5,0.001,100.0,76.599
7525,5,hybrid,4,8,2,128000,1.5,0.001,100.0,216.385
7525,6,hybrid,4,8,2,1280000,1.5,0.001,100.0,1643.610
7526,1,hybrid,4,8,4,12800,1.5,0.001,10.0,8.332
7526,2,hybrid,4,8,4,128000,1.5,0.001,10.0,15.695
7526,3,hybrid,4,8,4,1280000,1.5,0.001,10.0,94.078
7526,4,hybrid,4,8,4,12800,1.5,0.001,100.0,67.980
7526,5,hybrid,4,8,4,128000,1.5,0.001,100.0,147.848
7524,6,hybrid,4,8,1,1280000,1.5,0.001,100.0,3537.583
7527,1,hybrid,4,8,8,12800,1.5,0.001,10.0,11.749
7527,2,hybrid,4,8,8,128000,1.5,0.001,10.0,16.675
7526,6,hybrid,4,8,4,1280000,1.5,0.001,100.0,916.600
7527,3,hybrid,4,8,8,1280000,1.5,0.001,10.0,58.270
7527,4,hybrid,4,8,8,12800,1.5,0.001,100.0,65.570
7527,5,hybrid,4,8,8,128000,1.5,0.001,100.0,108.583
7528,1,hybrid,4,8,16,12800,1.5,0.001,10.0,8.442
7528,2,hybrid,4,8,16,128000,1.5,0.001,10.0,10.495
7528,3,hybrid,4,8,16,1280000,1.5,0.001,10.0,32.426
7528,4,hybrid,4,8,16,12800,1.5,0.001,100.0,63.595
7528,5,hybrid,4,8,16,128000,1.5,0.001,100.0,84.657
7527,6,hybrid,4,8,8,1280000,1.5,0.001,100.0,527.341
7529,1,hybrid,4,16,1,12800,1.5,0.001,10.0,12.006
7529,2,hybrid,4,16,1,128000,1.5,0.001,10.0,27.593
7528,6,hybrid,4,8,16,1280000,1.5,0.001,100.0,298.575
7529,4,hybrid,4,16,1,12800,1.5,0.001,100.0,77.366
7529,3,hybrid,4,16,1,1280000,1.5,0.001,10.0,187.147
7529,5,hybrid,4,16,1,128000,1.5,0.001,100.0,239.033
7530,1,hybrid,4,16,2,12800,1.5,0.001,10.0,8.054
7530,2,hybrid,4,16,2,128000,1.5,0.001,10.0,15.627
7530,3,hybrid,4,16,2,1280000,1.5,0.001,10.0,94.887
7530,4,hybrid,4,16,2,12800,1.5,0.001,100.0,70.592
7530,5,hybrid,4,16,2,128000,1.5,0.001,100.0,147.504
7530,6,hybrid,4,16,2,1280000,1.5,0.001,100.0,948.248
7531,1,hybrid,4,16,4,12800,1.5,0.001,10.0,7.871
7531,2,hybrid,4,16,4,128000,1.5,0.001,10.0,12.012
7531,3,hybrid,4,16,4,1280000,1.5,0.001,10.0,54.952
7531,4,hybrid,4,16,4,12800,1.5,0.001,100.0,66.581
7529,6,hybrid,4,16,1,1280000,1.5,0.001,100.0,1634.614
7531,5,hybrid,4,16,4,128000,1.5,0.001,100.0,108.338
7532,1,hybrid,4,16,8,12800,1.5,0.001,10.0,8.791
7532,2,hybrid,4,16,8,128000,1.5,0.001,10.0,9.607
7532,3,hybrid,4,16,8,1280000,1.5,0.001,10.0,31.738
7532,4,hybrid,4,16,8,12800,1.5,0.001,100.0,63.576
7532,5,hybrid,4,16,8,128000,1.5,0.001,100.0,84.591
7532,6,hybrid,4,16,8,1280000,1.5,0.001,100.0,298.550
7531,6,hybrid,4,16,4,1280000,1.5,0.001,100.0,575.561
7533,1,hybrid,4,32,1,12800,1.5,0.001,10.0,10.328
7533,2,hybrid,4,32,1,128000,1.5,0.001,10.0,17.302
7533,4,hybrid,4,32,1,12800,1.5,0.001,100.0,68.471
7533,3,hybrid,4,32,1,1280000,1.5,0.001,10.0,105.970
7533,5,hybrid,4,32,1,128000,1.5,0.001,100.0,161.457
7534,1,hybrid,4,32,2,12800,1.5,0.001,10.0,7.964
7534,2,hybrid,4,32,2,128000,1.5,0.001,10.0,12.288
7534,3,hybrid,4,32,2,1280000,1.5,0.001,10.0,54.675
7534,4,hybrid,4,32,2,12800,1.5,0.001,100.0,66.612
7534,5,hybrid,4,32,2,128000,1.5,0.001,100.0,109.562
7534,6,hybrid,4,32,2,1280000,1.5,0.001,100.0,537.596
7535,1,hybrid,4,32,4,12800,1.5,0.001,10.0,11.490
7535,2,hybrid,4,32,4,128000,1.5,0.001,10.0,13.618
7533,6,hybrid,4,32,1,1280000,1.5,0.001,100.0,981.592
7535,3,hybrid,4,32,4,1280000,1.5,0.001,10.0,35.366
7535,4,hybrid,4,32,4,12800,1.5,0.001,100.0,63.661
7535,5,hybrid,4,32,4,128000,1.5,0.001,100.0,86.579
7536,1,hybrid,4,64,1,12800,1.5,0.001,10.0,8.330
7536,2,hybrid,4,64,1,128000,1.5,0.001,10.0,13.278
7536,3,hybrid,4,64,1,1280000,1.5,0.001,10.0,60.913
7536,4,hybrid,4,64,1,12800,1.5,0.001,100.0,66.970
7535,6,hybrid,4,32,4,1280000,1.5,0.001,100.0,298.642
7536,5,hybrid,4,64,1,128000,1.5,0.001,100.0,116.617
7537,1,hybrid,4,64,2,12800,1.5,0.001,10.0,8.229
7537,2,hybrid,4,64,2,128000,1.5,0.001,10.0,10.124
7537,3,hybrid,4,64,2,1280000,1.5,0.001,10.0,33.748
7537,4,hybrid,4,64,2,12800,1.5,0.001,100.0,62.744
7537,5,hybrid,4,64,2,128000,1.5,0.001,100.0,83.766
7537,6,hybrid,4,64,2,1280000,1.5,0.001,100.0,305.600
7538,1,hybrid,4,128,1,12800,1.5,0.001,10.0,7.897
7538,2,hybrid,4,128,1,128000,1.5,0.001,10.0,11.165
7538,3,hybrid,4,128,1,1280000,1.5,0.001,10.0,40.381
7536,6,hybrid,4,64,1,1280000,1.5,0.001,100.0,614.555
7538,4,hybrid,4,128,1,12800,1.5,0.001,100.0,64.604
7538,5,hybrid,4,128,1,128000,1.5,0.001,100.0,86.583
7538,6,hybrid,4,128,1,1280000,1.5,0.001,100.0,312.900
7539,1,hybrid,8,8,1,12800,1.5,0.001,10.0,9.284
7539,2,hybrid,8,8,1,128000,1.5,0.001,10.0,28.754
7539,3,hybrid,8,8,1,1280000,1.5,0.001,10.0,229.664
7539,4,hybrid,8,8,1,12800,1.5,0.001,100.0,78.720
7539,5,hybrid,8,8,1,128000,1.5,0.001,100.0,279.793
7539,6,hybrid,8,8,1,1280000,1.5,0.001,100.0,2147.804
7540,1,hybrid,8,8,2,12800,1.5,0.001,10.0,8.528
7540,2,hybrid,8,8,2,128000,1.5,0.001,10.0,21.429
7540,3,hybrid,8,8,2,1280000,1.5,0.001,10.0,170.893
7540,4,hybrid,8,8,2,12800,1.5,0.001,100.0,75.355
7540,5,hybrid,8,8,2,128000,1.5,0.001,100.0,211.165
7540,6,hybrid,8,8,2,1280000,1.5,0.001,100.0,1565.412
7541,1,hybrid,8,8,4,12800,1.5,0.001,10.0,8.532
7541,2,hybrid,8,8,4,128000,1.5,0.001,10.0,15.004
7541,3,hybrid,8,8,4,1280000,1.5,0.001,10.0,85.841
7541,4,hybrid,8,8,4,12800,1.5,0.001,100.0,68.833
7541,5,hybrid,8,8,4,128000,1.5,0.001,100.0,140.587
7541,6,hybrid,8,8,4,1280000,1.5,0.001,100.0,862.590
7542,1,hybrid,8,8,8,12800,1.5,0.001,10.0,8.320
7542,2,hybrid,8,8,8,128000,1.5,0.001,10.0,11.939
7542,3,hybrid,8,8,8,1280000,1.5,0.001,10.0,51.043
7542,4,hybrid,8,8,8,12800,1.5,0.001,100.0,65.630
7542,5,hybrid,8,8,8,128000,1.5,0.001,100.0,102.105
7542,6,hybrid,8,8,8,1280000,1.5,0.001,100.0,489.796
7543,1,hybrid,8,8,16,12800,1.5,0.001,10.0,8.071
7543,2,hybrid,8,8,16,128000,1.5,0.001,10.0,9.996
7543,3,hybrid,8,8,16,1280000,1.5,0.001,10.0,30.885
7543,4,hybrid,8,8,16,12800,1.5,0.001,100.0,63.616
7543,5,hybrid,8,8,16,128000,1.5,0.001,100.0,84.606
7543,6,hybrid,8,8,16,1280000,1.5,0.001,100.0,300.589
7544,1,hybrid,8,8,32,12800,1.5,0.001,10.0,7.945
7544,2,hybrid,8,8,32,128000,1.5,0.001,10.0,8.788
7544,3,hybrid,8,8,32,1280000,1.5,0.001,10.0,19.075
7544,4,hybrid,8,8,32,12800,1.5,0.001,100.0,61.465
7544,5,hybrid,8,8,32,128000,1.5,0.001,100.0,73.618
7544,6,hybrid,8,8,32,1280000,1.5,0.001,100.0,180.611
7545,1,hybrid,8,16,1,12800,1.5,0.001,10.0,9.244
7545,2,hybrid,8,16,1,128000,1.5,0.001,10.0,23.032
7545,3,hybrid,8,16,1,1280000,1.5,0.001,10.0,166.082
7545,4,hybrid,8,16,1,12800,1.5,0.001,100.0,77.535
7545,5,hybrid,8,16,1,128000,1.5,0.001,100.0,233.088
7545,6,hybrid,8,16,1,1280000,1.5,0.001,100.0,1674.519
7546,1,hybrid,8,16,2,12800,1.5,0.001,10.0,8.250
7546,2,hybrid,8,16,2,128000,1.5,0.001,10.0,15.922
7546,3,hybrid,8,16,2,1280000,1.5,0.001,10.0,93.936
7546,4,hybrid,8,16,2,12800,1.5,0.001,100.0,68.356
7546,5,hybrid,8,16,2,128000,1.5,0.001,100.0,141.117
7546,6,hybrid,8,16,2,1280000,1.5,0.001,100.0,843.077
7547,1,hybrid,8,16,4,12800,1.5,0.001,10.0,8.044
7547,2,hybrid,8,16,4,128000,1.5,0.001,10.0,12.564
7547,3,hybrid,8,16,4,1280000,1.5,0.001,10.0,50.714
7547,4,hybrid,8,16,4,12800,1.5,0.001,100.0,65.433
7547,5,hybrid,8,16,4,128000,1.5,0.001,100.0,103.190
7547,6,hybrid,8,16,4,1280000,1.5,0.001,100.0,494.024
7548,1,hybrid,8,16,8,12800,1.5,0.001,10.0,7.092
7548,2,hybrid,8,16,8,128000,1.5,0.001,10.0,9.875
7548,3,hybrid,8,16,8,1280000,1.5,0.001,10.0,32.679
7548,4,hybrid,8,16,8,12800,1.5,0.001,100.0,62.592
7548,5,hybrid,8,16,8,128000,1.5,0.001,100.0,83.388
7548,6,hybrid,8,16,8,1280000,1.5,0.001,100.0,303.043
7549,1,hybrid,8,16,16,12800,1.5,0.001,10.0,8.731
7549,2,hybrid,8,16,16,128000,1.5,0.001,10.0,8.672
7549,3,hybrid,8,16,16,1280000,1.5,0.001,10.0,20.025
7549,4,hybrid,8,16,16,12800,1.5,0.001,100.0,62.579
7549,5,hybrid,8,16,16,128000,1.5,0.001,100.0,73.584
7549,6,hybrid,8,16,16,1280000,1.5,0.001,100.0,179.603
7550,1,hybrid,8,32,1,12800,1.5,0.001,10.0,8.246
7550,2,hybrid,8,32,1,128000,1.5,0.001,10.0,15.745
7550,3,hybrid,8,32,1,1280000,1.5,0.001,10.0,102.016
7550,4,hybrid,8,32,1,12800,1.5,0.001,100.0,68.044
7550,5,hybrid,8,32,1,128000,1.5,0.001,100.0,153.267
7550,6,hybrid,8,32,1,1280000,1.5,0.001,100.0,1002.617
7551,1,hybrid,8,32,2,12800,1.5,0.001,10.0,7.762
7551,2,hybrid,8,32,2,128000,1.5,0.001,10.0,11.705
7551,3,hybrid,8,32,2,1280000,1.5,0.001,10.0,51.106
7551,4,hybrid,8,32,2,12800,1.5,0.001,100.0,64.381
7551,5,hybrid,8,32,2,128000,1.5,0.001,100.0,106.587
7551,6,hybrid,8,32,2,1280000,1.5,0.001,100.0,526.822
7552,1,hybrid,8,32,4,12800,1.5,0.001,10.0,8.664
7552,2,hybrid,8,32,4,128000,1.5,0.001,10.0,9.788
7552,3,hybrid,8,32,4,1280000,1.5,0.001,10.0,31.256
7552,4,hybrid,8,32,4,12800,1.5,0.001,100.0,63.586
7552,5,hybrid,8,32,4,128000,1.5,0.001,100.0,84.901
7552,6,hybrid,8,32,4,1280000,1.5,0.001,100.0,299.623
7553,1,hybrid,8,32,8,12800,1.5,0.001,10.0,7.563
7553,2,hybrid,8,32,8,128000,1.5,0.001,10.0,8.649
7553,3,hybrid,8,32,8,1280000,1.5,0.001,10.0,19.312
7553,4,hybrid,8,32,8,12800,1.5,0.001,100.0,62.615
7553,5,hybrid,8,32,8,128000,1.5,0.001,100.0,73.566
7553,6,hybrid,8,32,8,1280000,1.5,0.001,100.0,179.575
7554,1,hybrid,8,64,1,12800,1.5,0.001,10.0,8.178
7554,2,hybrid,8,64,1,128000,1.5,0.001,10.0,12.276
7554,3,hybrid,8,64,1,1280000,1.5,0.001,10.0,57.510
7554,4,hybrid,8,64,1,12800,1.5,0.001,100.0,66.372
7554,5,hybrid,8,64,1,128000,1.5,0.001,100.0,110.561
7554,6,hybrid,8,64,1,1280000,1.5,0.001,100.0,502.580
7555,1,hybrid,8,64,2,12800,1.5,0.001,10.0,7.644
7555,2,hybrid,8,64,2,128000,1.5,0.001,10.0,9.838
7555,3,hybrid,8,64,2,1280000,1.5,0.001,10.0,31.934
7555,4,hybrid,8,64,2,12800,1.5,0.001,100.0,63.561
7555,5,hybrid,8,64,2,128000,1.5,0.001,100.0,84.591
7555,6,hybrid,8,64,2,1280000,1.5,0.001,100.0,299.602
7556,1,hybrid,8,64,4,12800,1.5,0.001,10.0,7.883
7556,2,hybrid,8,64,4,128000,1.5,0.001,10.0,9.119
7556,3,hybrid,8,64,4,1280000,1.5,0.001,10.0,19.611
7556,4,hybrid,8,64,4,12800,1.5,0.001,100.0,62.587
7556,5,hybrid,8,64,4,128000,1.5,0.001,100.0,74.258
7556,6,hybrid,8,64,4,1280000,1.5,0.001,100.0,179.385
7557,1,hybrid,8,128,1,12800,1.5,0.001,10.0,8.183
7557,2,hybrid,8,128,1,128000,1.5,0.001,10.0,10.891
7557,3,hybrid,8,128,1,1280000,1.5,0.001,10.0,35.972
7557,4,hybrid,8,128,1,12800,1.5,0.001,100.0,64.569
7557,5,hybrid,8,128,1,128000,1.5,0.001,100.0,90.572
7557,6,hybrid,8,128,1,1280000,1.5,0.001,100.0,344.547
7558,1,hybrid,8,128,2,12800,1.5,0.001,10.0,7.567
7558,2,hybrid,8,128,2,128000,1.5,0.001,10.0,8.675
7558,3,hybrid,8,128,2,1280000,1.5,0.001,10.0,20.718
7558,4,hybrid,8,128,2,12800,1.5,0.001,100.0,62.562
7558,5,hybrid,8,128,2,128000,1.5,0.001,100.0,73.034
7558,6,hybrid,8,128,2,1280000,1.5,0.001,100.0,187.566
7559,1,hybrid,8,256,1,12800,1.5,0.001,10.0,8.062
7559,2,hybrid,8,256,1,128000,1.5,0.001,10.0,9.376
7559,3,hybrid,8,256,1,1280000,1.5,0.001,10.0,21.715
7559,4,hybrid,8,256,1,12800,1.5,0.001,100.0,63.568
7559,5,hybrid,8,256,1,128000,1.5,0.001,100.0,75.553
7559,6,hybrid,8,256,1,1280000,1.5,0.001,100.0,202.547
